<meta>
	<info author="Castillo" type="script" name="Extra Health" description="Extra Health" version="1.0"/>
	
	<script src="extrahp_client.lua" type="client"/>	
	<script src="extrahp_server.lua" type="server"/>

	<export function="getElementExtraHealth" type="client" />
	<export function="getElementExtraHealth" type="server" />
	<export function="setElementExtraHealth" type="client" />
	<export function="setElementExtraHealth" type="server" />
	<export function="isElementWithExtraHealth" type="client" />
	<export function="isElementWithExtraHealth" type="server" />
	<export function="setElementInvulnerable" type="client" />	
	<export function="setElementInvulnerable" type="server" />
	<export function="isElementInvulnerable" type="client" />
	<export function="isElementInvulnerable" type="server" />
</meta>